Advertising_Spend,Website_Traffic,Discount_Rate,Sales
500,2000,5,3097.719455409934
1500,4000,10,6200.442908442855
2500,6000,15,13601.19992315795
3500,8000,20,20069.31237501734
4500,10000,25,19998.493728294692
5500,12000,30,25367.10706295347
